id,name,artists
1XNdu4czbxZ9tdVOhDtI4M,Cheia de Manias,Raça Negra
1SaeGiWS1LQhfRc6ObQfvq,Que Se Chama Amor,Só Pra Contrariar
6jBZxE0VZpmgZud4L5lo0u,Paparico,Molejo
43uHeQc9kdMzFAbxCTcgiI,Telegrama,Exaltasamba
4tILvSk9XcdCBzjyzhsuze,É Tarde Demais,Raça Negra
0G3PPOWMMPwBJIEH7Udnsu,Pimpolho,Art Popular
2CfYBDMvXBKxIqBOUjAvfU,Cilada,Molejo
6RtPijgfPKROxEzTHNRiDp,Rude,MAGIC!
5bcTCxgc7xVfSaMV3RuVke,"Feels (feat. Pharrell Williams, Katy Perry & Big Sean)",Calvin Harris
1rfofaqEpACxVEHIZBJe6W,Havana (feat. Young Thug),Camila Cabello
1OAh8uOEOvTDqkKFsKksCi,Wild Thoughts (feat. Rihanna & Bryson Tiller),DJ Khaled
6QgjcU0zLnzq5OrUoSZ3OK,Feel It Still,Portugal. The Man
2P4OICZRVAQcYAV2JReRfj,Waiting For Love,Avicii
6rPO02ozF3bM7NnOV4h6s2,Despacito - Remix,Luis Fonsi
6jEZLz3YpnEBRpVkv35AmP,Gasolina,Daddy Yankee
4kLLWz7srcuLKA7Et40PQR,I Gotta Feeling,Black Eyed Peas
3oDFtOhcN08qeDPAK6MEQG,Boom Boom Pow,Black Eyed Peas
3F9ByoUqu31xU0I3G5xfVg,Meet Me Halfway,Black Eyed Peas
3JA9Jsuxr4xgHXEawAdCp4,Just Can’t Get Enough,Black Eyed Peas
5jRv01LnV7orjhMWiL5PyM,Naive - Acoustic,The Kooks
3QmesrvdbPjwf7i40nht1D,Everlong - Acoustic Version,Foo Fighters
5FZxsHWIvUsmSK1IAvm2pp,Best of You,Foo Fighters
6tsojOQ5wHaIjKqIryLZK6,All My Life,Foo Fighters
67vYdAAM3oGsEImCRfbtsF,Times Like These,Foo Fighters
2jz6rWGqVCYsymwxGoaON4,Detroit Rock City,KISS
3ftHrCjsTUPLgI48m67byk,Plush - Acoustic,Stone Temple Pilots
7zkDEBSxkcBVsStS4qBFpK,Lisztomania,Phoenix
5T6bJp3XgwT0IaCfKMxmAu,Perfect - Acoustic,Ed Sheeran
5X6TnKT37TaSDkFm0598Uo,Castle on the Hill - Acoustic,Ed Sheeran
4BpndTKEqpLgntffipC53q,Don't You Worry Child - Acoustic Version,Swedish House Mafia
2Zi27tBhXnDQTz3porgaiw,Here Without You - Acoustic Version,3 Doors Down
3AA8xNhDC0MpqwkGX3EP5V,If I Ever Feel Better,Phoenix
4HqU80xAozomP0XtgxAu6w,Budapest - Live from Spotify Stockholm,George Ezra
59XNy4523UcEvQfYM8fdQB,Somebody Told Me,The Killers
7yq4Qj7cqayVTp3FF9CWbm,Riptide,Vance Joy
2iXdwVdzA0KrI2Q0iZNJbX,Better Together,Jack Johnson
0BgbobvykXxEvxo2HhCuvM,Banana Pancakes,Jack Johnson
1dnXuEuApvuVqQCn0v9McL,"Sitting, Waiting, Wishing",Jack Johnson
1A4WjuUXeFEVXjwgc7eVZ6,Good People,Jack Johnson
2Z2vOukzwOgqR4dkymRSWd,Santeria,Sublime
2qLMf6TuEC3ruGJg4SMMN6,Lucky,Jason Mraz
1lkvpmrCaXK8QtliFDcHBO,Bubbly,Colbie Caillat
38jy6kRlPt8z1GUS9WXeNh,93 Million Miles,Jason Mraz
0z87ojCfgphUWZ5ZqWCxIv,Regueton Lento (Bailemos),Alex Y Fido
6DUdDIRgLqCGq1DwkNWQTN,Borro Cassette,Maluma
4cQIbDqCZrHknxlDUjRHZ0,Supersoaker,Kings of Leon
3rcVJVqhuuKbVppaLXrxD5,Linger,Freedom Fry
3ZTCvMqkW3Hqxap4dqTTpR,Fix You,Canyon City
11qJo8BHxYDUg6NSVZp95i,Girls Just Wanna Have Fun,The Mayries
55KKAV2VnlggBrVS0J666s,Use Somebody - Acoustic Version,Isabella Celander
7BRwh1bemr9rFMDeTbcy5S,Creep,Kina Grannis
2aXBORgLuv2czaJVyeLOl7,Get Lucky - Acoustic,Linn Brikell
6CgNoAbFJ4Q4Id4EjtbXlC,Photograph,Boyce Avenue
7zFHGf87xklt49KCQydyjY,Sugar - Acoustic,Tyler Ward
2KSezpA4CZxv1RkQvA1jXE,1979,Freedom Fry
3q6BJcC0i7UyM8oWn6ntRQ,Rocket Man,My Morning Jacket
0JSux25Te5HYMSr2D64d02,Levanta e Anda,Emicida
0cntShbC3GmWXygfH98brk,Don't Call Me White,NOFX
41kg2RvdwBuIv0OPpvBS4v,Time Bomb,Rancid
4EchqUKQ3qAQuRNKmeIpnf,The Kids Aren't Alright,The Offspring
6TfBA04WJ3X1d1wXhaCFVT,"You're Gonna Go Far, Kid",The Offspring
2m1hi0nfMR9vdGC8UcrnwU,All The Small Things,blink-182
6L89mwZXSOwYl76YXfX13s,Basket Case,Green Day
6GG73Jik4jUlQCkKg9JuGO,The Middle,Jimmy Eat World
23oxJmDc1V9uLUSmN2LIvx,Ocean Avenue,Yellowcard
2DlHlPMa4M17kufBvI2lEN,Chop Suey!,System Of A Down
1f3yAtsJtY87CTmM8RLnxf,Smells Like Teen Spirit,Nirvana
0EYOdF5FCkgOJJla8DI2Md,B.Y.O.B.,System Of A Down
288ogAZr7aL3UIrd9CgZVy,Sky Is Over,Serj Tankian
6NTCLxzkDfhOhNX3PcKs3i,Lie Lie Lie,Serj Tankian
4OROzZUy6gOWN4UGQVaZMF,The Trooper - 2015 Remaster,Iron Maiden
3nlGByvetDcS1uomAoiBmy,The Number of the Beast - 2015 Remaster,Iron Maiden
6EPRKhUOdiFSQwGBRBbvsZ,Ace of Spades,Motörhead
1aZvj0eDYyJwwY0cH008xM,Harakiri,Serj Tankian
6p8eFfPw3nQkf37aT3AkmK,Fear of the Dark - 2015 Remaster,Iron Maiden
2zYzyRzz6pRmhPzyfMEC8s,Highway to Hell,AC/DC
0M955bMOoilikPXwKLYpoi,I Hate Everything About You,Three Days Grace
31RTFPrB7wmYBhlkM2ILXG,Sugar,System Of A Down
3pYKJaLiixRcDFfcNhxZKK,The Metal,Tenacious D
5NeIONQWJ25uPylJBJiO4c,Through Glass,Stone Sour
3V1H6liHwCDcWeqdPJabOM,Wicked Game - Acoustic; Live,Stone Sour
5V7c3vhgVN0VXJrRfAAcp8,Nós Vamos Invadir Sua Praia,Ultraje a Rigor
1TC54oT0x0tDb3YUAhGrGd,Ciúme - Ao Vivo,Ultraje a Rigor
1d9FVl17Uq9LWHAFyrmIgO,Tarde De Outubro,CPM 22
4OQCnf6Jx0cZzzTh7fU0TF,O Nosso Amor A Gente Inventa (Estória Romântica),Cazuza
3ZRWcArefd1sfpdw5icCM7,Exagerado,Cazuza
3KYlOzxN5xO7eEauO1VF06,Velha Infancia - 2004 Digital Remaster;,Tribalistas
76yjNTMsef12pt2OPmRW0U,Me lambe,Raimundos
3bQmU3UGvZMsYZ13ffNyVf,Você Não Soube Me Amar,Blitz
6taG2RmxHoHrkAgAdoloPr,Borracho y Loco (Lamento Boliviano) - Ao Vivo,Vera Loca
4a95GqfQBhSYFzF23JB2eC,Infinita Highway - Ao Vivo,Engenheiros Do Hawaii
7nedxv1LKO4fm5ZrDG3GRO,A Fórmula do Amor (feat. Kid Abelha) - Remasterizado 2013,Leo Jaime
4VqPOruhp5EdPBeR92t6lQ,Uprising,Muse
1FTSo4v6BOZH9QxKc3MbVM,Song 2 - 2012 Remaster,Blur
7kzKAuUzOITUauHAhoMoxA,Last Nite,The Strokes
3jJZVeExYzVYiV6Y9Fl3DX,Plush,Stone Temple Pilots
5UWwZ5lm5PKu6eKsHAGxOk,Everlong,Foo Fighters
6b2oQwSGFkzsMtQruIWm2p,Creep,Radiohead
5qqabIl2vWzo9ApSC317sa,Wonderwall - Remastered,Oasis
59WN2psjkt1tyaxjspN8fp,Killing In The Name,Rage Against The Machine
73fzhVcs7n1wZz84eoE2vs,Drive,Incubus
6y20BV5L33R8YXM0YuI38N,No One Knows,Queens of the Stone Age
1AfYo6cKm3yHsJHdmNoGO1,Interstate Love Song,Stone Temple Pilots
3lPr8ghNDBLc2uZovNyLs9,Supermassive Black Hole,Muse
53eJFr4Mfbw5PXJ01K6cFw,Daughter - Remastered,Pearl Jam
6gZVQvQZOFpzIy3HblJ20F,Man in the Box,Alice In Chains
5G1sTBGbZT5o4PNRc75RKI,Lonely Boy,The Black Keys
31AOj9sFz2gM0O3hMARRBx,Losing My Religion,R.E.M.
2MLHyLy5z5l5YRp7momlgw,Island In The Sun,Weezer
5sFDReWLrZHLFZFjHsjUTS,Would? (2022 Remaster),Alice In Chains
5DiXcVovI0FcY2s0icWWUu,Mr. Jones,Counting Crows
2IZZqH4K02UIYg5EohpNHF,Zombie,The Cranberries
6ZOBP3NvffbU4SZcrnt1k6,Kryptonite,3 Doors Down
2VSbEXqs6NbNiZSTcHlIDR,My Sacrifice,Creed
0d28khcov6AiegSCpG5TuT,Feel Good Inc.,Gorillaz
7BHPGtpuuWWsvE7cCaMuEU,Naive,The Kooks
3tRv4ZYZimrL27flnjgeR6,Every You Every Me,Placebo
6Qyc6fS4DsZjB2mRW9DsQs,Iris,The Goo Goo Dolls
7H8zey5My6uNdD2TxeCb9F,Don't Speak,No Doubt
0vRc3zLxBbArchzJGVXVCm,Todo Mundo Gosta de Mim,Ultraje a Rigor
2oa4GE56fUGoEhT02hKxRs,Ninguém regula a América,O Rappa
3g5FrnRdbmDQyWNiDIprts,All Star - Ao Vivo,Nando Reis
1uCM2mchqMjPrjKhfgsUWa,O Chamado do Bar,Matanza
2R0478PhcwKMYLTiJHAuTH,Segredos,Frejat
4KucEYbAdO9tUadBV68mGB,Os Outros - Ao Vivo,Kid Abelha
31GNpPGlEuQxt88tyWRnhe,Strani Amori,Renato Russo
2rHIvPFa91dJ7ZbcqtMtUs,All Star,Cássia Eller
0o7fuLnsvwiaWhDWjHvJor,Lanterna dos Afogados - Ao Vivo,Maria Gadú
0PnXjhvlMFE8FNbvp76eyk,Scrivimi,Renato Russo
3y8vOmrtJpdyQ3PkaHQRKm,Remédios Demais,Matanza
6CMch6a8mtMJW9eUSDyq2C,Joker & The Thief - Final Hour Mix,Wolfmother
3KRJUa3Z1Zfupr7Zs6JByx,Entertainment,Phoenix
6LhN47wHHsSzlbVzsXe7cY,California Waiting,Kings of Leon
3fMoeGj4mDusrmYOOF60aC,I Predict a Riot,Kaiser Chiefs
3dOAXUx7I1qnzWzxdnsyB8,Lonely Boy,The Black Keys
2un2p1mSIu4Tvt8pSuO9kw,I Sat By The Ocean (Live Acoustic),Queens of the Stone Age
1yjr0GeoqGPejLg5P9g8Qe,Fell In Love With a Girl,The White Stripes
5c5a2Ptu8eyIpljhQHjIqk,Ain't No Rest For The Wicked - Original Version,Cage The Elephant
3qaSqrrevBrb84xl5JlptU,Dakota,Stereophonics
5xoUgPXbMNUmoHU0Enwtwq,She Moves In Her Own Way,The Kooks
305WCRhhS10XUcH6AEwZk6,Are You Gonna Be My Girl,Jet
2DFi8rwHcVkTTgu7PULhtI,My Type,Saint Motel
7IdfMBufDn3yf2JhS3a5w0,Everyday I Love You Less and Less,Kaiser Chiefs
1IWom0fqK0dJKITk1H95BB,Go,The Black Keys
71KtwiEpzcn9WxwlaS7ZJY,Enjoy the Silence - cover version,Lacuna Coil
66PgT7clBWAuQlMqoUL0YU,Get Lucky,Halestorm
5rpRzNcJZqKQXk9PIjreB6,Hurt,Johnny Cash
3C65zQ69c8RMiJ3wqB1ogp,Beat It - Studio Version,Fall Out Boy
0qgiFuYhYuwtFXEwYakddE,I Will Survive,CAKE
6q1qACcezH6eH77Xljh5QV,I Need A Dollar,Aloe Blacc
1vcxF91pWs9uNwDROuiCPB,Savior,Rise Against
1Cj2vqUwlJVG27gJrun92y,The Sound of Silence,Disturbed
1Sq5AdWdZnBOivrBPrPeTF,Torn,Hands Like Houses
3zZQg2DLezm194cTeGQuOD,Faith,Limp Bizkit
2U0nXVgU5FcLTFtPbkcv1v,Dream On,Blacktop Mojo
28KYBZXnvRk560ty8mdVIQ,Run,Foo Fighters
5PK1JCSdr34gWgzYHgt3Jq,Feeling Good,Muse
4DDD2P6dJurAgk3IYWqK3p,How Deep Is Your Love,the bird and the bee
4PgJ0NUYaDDh659TW5mWBK,The Wolf,Mumford & Sons
0EUUDOsagEyFO0iVUlOqeS,Take On Me - Grey's Anatomy Version,Aqualung
5NLuC70kZQv8q34QyQa1DP,Fight For Your Right,Beastie Boys
3fBuhWRaAlkXOUFFJL0Mag,Whole Lotta Love,Santana
7JuD5r43XpRLSrUBRBQ7Dy,Highway Tune,Greta Van Fleet
7txxAtOMwLLnQTpKeBL6bp,Mother,Danzig
6UyPTgKXxsFeQExGml9x21,Take On Me - MTV Unplugged / Edit,a-ha
5UMD1Iz7yyVK8Q5FLsVt3q,Walk On Water,Thirty Seconds To Mars
2ihCaVdNZmnHZWt0fvAM7B,Little Talks,Of Monsters and Men
2C4ARHS1GUDDdaIpl7tAay,May 16,Lagwagon
3asFGFY3uLjMDmML1p0tYm,Savior,Rise Against
22klU94r0NFtx4cPO8KqHk,No Cigar,Millencolin
2SsFjFGToi1o8TaA5EnYd9,May 16,Lagwagon
2FKAGYMJqOP79Rys9EWzy1,Chão de Giz - Ao Vivo,Fagner
2TnJd3aCJcRcLylI44ms9f,Espatódea,Nando Reis
6D7UJO8ZPDWujC3tUeT7U0,Sinônimos (Ao Vivo),Zé Ramalho
2NrSTMKBB6X4cMk7AUmpLA,Grand' Hotel - Ao Vivo,Kid Abelha
3KK3nLgrRdycpnYxPDVfMV,Fica,ANAVITÓRIA
0gGjX0aUg7OaUSAhi1CmDk,Passarinhos,Emicida
0YBq701BXkMaK6V5UyvOpT,Oração,A Banda Mais Bonita da Cidade
17dS7mrtNwH05RFjgMjLFi,Medo Bobo,Rubel
5yyRH93h4Pm6tXXYTxt7ea,The Blower's Daughter,Damien Rice
75rAjnPV6h0RgSORx2dUPi,Injection,Rise Against
5MYsvAONqcsIVOwu2HTQ3p,Faith,Limp Bizkit
1X4Ntw6Lbaa1ACgilCqMpr,Alive - Chris Lord-Alge Mix,P.O.D.
6gCVA6ja6g0foIsWv0RuSZ,ATWA,System Of A Down
6VzV6RI7641o57TuqfGRpj,Psycho,System Of A Down
7nnWIPM5hwE3DaUBkvOIpy,Drive,Incubus
0NsUvQVaWzxu1Sb8ou6sLv,Ride,The Vines
5vQgBMIJrOrXvp3vcJt97o,Feels Good,Hard-Fi
1mvyqSb1tOvtVP1qfWEyPa,1901,Phoenix
2nO1DYEg1X5GHi8SSuNJQj,Wait for Me,Kings of Leon
383QXk8nb2YrARMUwDdjQS,Psycho,Muse
7Hr1Ignop7cymbE3FbOtXa,So Far Away,Avenged Sevenfold
03auri1kCcQxFDvU3yoD3E,Rocket Man,My Morning Jacket
2YSbHu9XF4bNYWt3MnIhgE,Bohemian Rhapsody,Panic! At The Disco
5Dd73y1EtpXoNjTPqWeDes,Nova Era - Live,ANGRA
0r1tJIrnmir1oqHB0qqXug,Rebirth - Live,ANGRA
3wTkmMBp63kRVlspx7rlyK,Unfinished Allegro / Carry On - Live,ANGRA
4ZIuxqhiTgJSyQqC7u2HiR,Reaching Horizons - Live,ANGRA
7hm5EDryKnoLPagfy29N71,Late Redemption - Live,ANGRA
1Fhfb6YWSQryGMeRgB8VxW,Time - Live,ANGRA
6d6xrgiKZVwJbB4zozfFHL,Lisbon - Live,ANGRA
1ZyQbDA6OzX2VRtdKo6JiV,Waiting Silence - Live,ANGRA
3JL3OgnOvNM4C8aF84jbtm,Nothing to Say - Live,ANGRA
2z7D7kbpRcTvEdT71tdiNQ,May 16 - Acoustic,Lagwagon
62jFdkIOHQ9khEJ8f6RENw,Cigana,Raça Negra
3ZJaonagMQ1M8riar5hYyZ,Extrapolei,Raça Negra
3oh6a6GbiIiIdSWMQNywKB,Pensando Em Você,Raça Negra
5pfSkAE39unuV0H9P5i3L3,Ciúme de Você,Raça Negra
5b7PX1tG1RQ9msIRtXHalE,Lobo Hombre en París,The Mills
4SdM8S3g7MZjEnbtU6eyXP,Cool Kids,Screeching Weasel
68icDGMEfwL4d53Vq4FdZf,Gentle Change - Live,ANGRA
3lWZOwLKQ9RP0GQcQ6Sdz9,Bring The Noise,Anthrax
47FyQCd3TYLrZ9TU6MPaWK,Ace Of Spades,Motörhead
40prrJvM3P7xOg393SU4Hy,Blood Brothers,Papa Roach
1cqbg5t3uyJGW07gPJM0gF,Bitchcraft,Drake Bell
1xShPgQbOUa98avWJQFDBY,Personal Jesus - Original Single Version,Depeche Mode
5D6JhQtSCXL3JHEw8u6zwQ,Heroes (We Could Be) [feat. Landon Austin],Megan Davies
6hqIXyo6GxydAnoI8XeIrV,Rusty Cage - Remastered 2016,Soundgarden
4qJq5V3Ca2X615wxNV0QWB,Hey Ya! - Acoustic,Maygen Lacey
7ywppIqyGunn7tJnDdDj8W,"The Good, the Bad and the Ugly (From ""The Good, the Bad and the Ugly"")",Ennio Morricone
1SJH6HEe9A6aM2hV1Yq6is,Pompeii - Live From Capitol Studios/2013,Bastille
4E2K9cfDrN9OGCd4LgFxeL,Lá Vem O Alemão,Mamonas Assassinas
61YkugkHrDOXI0Yk1SaiUg,Sábado De Sol,Mamonas Assassinas
43QlNorMWn7KAfBnMOTmLn,Debil Metal,Mamonas Assassinas
6cuLsMmHlR08BdoWAIwYVh,Bois Don't Cry,Mamonas Assassinas
1eDBpkZgY7p9OBVodcrX9n,Robocop Gay,Mamonas Assassinas
4pR17ajjeY20Iu9FpKLBND,Uma Arlinda Mulher,Mamonas Assassinas
5L3B1dAZH2Fz1W7DT11JRG,Cabeça De Bagre II / Sample: Baby Elephant Walk (Instrumental),Mamonas Assassinas
7xoHOdi16mVPcB0Fd0hRyk,Jumento Celestino,Mamonas Assassinas
16pWLmuKCxQnZSzvHXighL,Mundo Animal,Mamonas Assassinas
7EMn7sbRTu4b4f2Cuc0UKC,Sabão Cra-Cra (The Mad Ku-Ku),Mamonas Assassinas
1A4WM88OM1UWszmxege3ye,Chopis Centis,Mamonas Assassinas
2XGRcNVv7uJozHCRLl7SG8,Vira-Vira,Mamonas Assassinas
0TXRO7qVCw0UOSkCPxWvUM,1406,Mamonas Assassinas
5V3mdRI2yQxbSsJGDPc5lD,Chop Suey!,System Of A Down
4E1fYOJPFWMRBIltLtxeGQ,Chic 'N' Stu,System Of A Down
39iyPZTQEy2VKXkT6FfnhA,F**k The System,System Of A Down
1ByE7lUw6wWMTbCb3woHdK,Know,System Of A Down
3LrBpLjDs4a1Vhh8q2P3F7,Mr. Jack,System Of A Down
7phMc88qiwpKzOAIiR3xIU,Suggestions,System Of A Down
6Jj1Bb2s0gAOhH4yCGjDvh,Roulette,System Of A Down
5Q7m1Km199HHMB926xxbrs,War?,System Of A Down
4mj2UMyJTBTaO7pffAK29j,Holy Mountains,System Of A Down
6y2DHyCYf6azhUfXmnuH6w,Question!,System Of A Down
1LfSbPH1QCPxce41b9mmYF,Psycho,System Of A Down
0Xmbtw7NhNiDnL4BWy5wDh,Innervision,System Of A Down
28TReO2Mxk9Q3GA4K98YSz,Kill Rock 'n Roll,System Of A Down
47EqCQZG5v4o0WFMufGf5S,Cigaro,System Of A Down
6ATfHxDPIuzSAmvBMjxwJM,Prison Song,System Of A Down
1qGmxIGEuBEkj7bft72Kh0,Suite-Pee,System Of A Down
0dxPHMZTI8TWMYRucsAFNd,Attack,System Of A Down
0GrHWVTDsaWcD4nrCGr7VE,Lost In Hollywood,System Of A Down
36X2aY9u5BBTisjU5M5omG,ATWA,System Of A Down
17cKTJIWIHTeTmdgNs77DL,I-E-A-I-A-I-O,System Of A Down
1ez4uWPnJwYufNhYTLVsJr,Soldier Side,System Of A Down
249Z7XT6mf8B2zuI0RaeS0,Violent Pornography,System Of A Down
1twBt7aZiy7HWPG025QGuP,Aerials,System Of A Down
4vAHXnJ5YWLq5hbIVzZS1h,Spiders,System Of A Down
6oO7WMjD6kEvCITLbVj0mu,Hypnotize,System Of A Down
41pOIT2t1rvr2Trg1HQChZ,Radio/Video,System Of A Down
7MeXwzhSDGfqNfuFANgzVC,Toxicity,System Of A Down
1VNWaY3uNfoeWqb5U8x2QX,Lonely Day,System Of A Down
0wzRcekWyVCSyPtlPOeJau,Go With The Flow,Queens of the Stone Age
7pm4mV2sYqyVADfNaUV2kh,Paper Cages,Franz Ferdinand
7zjupUeHyd2j2FKlmSiZlj,Come A Little Closer,Cage The Elephant
2vgfKxYkIbZ7qVUR7iNATA,The Unthinking Majority - Live,Serj Tankian
6xxXrNJnnsQNLdgNk8S4y8,Hate To Say I Told You So,The Hives
19iqWNzp5LwEdvntpEK8MP,"Steady, As She Goes",The Raconteurs
5SAUIWdZ04OxYfJFDchC7S,Smoke on the Water,Deep Purple
5ZiTzbMB53mIiP3I4uQCmt,Ritual,Ghost
1L94M3KIu7QluZe63g64rv,Alive,Pearl Jam
3d9DChrdc6BOeFsbrZ3Is0,Under the Bridge,Red Hot Chili Peppers
5QLHGv0DfpeXLNFo7SFEy1,1979 - Remastered 2012,The Smashing Pumpkins
11LmqTE2naFULdEP94AUBa,Heart-Shaped Box,Nirvana
6EsBn1Md8C5YdbCzvwvZq8,Self Esteem,The Offspring
6VoIBz0VhCyz7OdEoRYDiA,Say It Ain't So - Original Mix,Weezer
48UPSzbZjgc449aqz8bxox,Californication,Red Hot Chili Peppers
0MKGH8UMfCnq5w7nG06oM5,Come As You Are,Nirvana
3zwmW1gM4E8FlHXV5nE16u,Be Yourself,Audioslave
6txWz9UapYHVxEd7dDIHXT,No Rain,Blind Melon
2B98ljvzqpCVgt5reTHq28,Better Man,Pearl Jam
5buITai6eMzU8rJonMEI6e,Glycerine - Remastered,Bush
57iDDD9N9tTWe75x6qhStw,Bitter Sweet Symphony - Remastered 2016,The Verve
1XPta4VLT78HQnVFd1hlsK,Today,The Smashing Pumpkins
0xMEF2WiqKWTIG7Krjungw,The Distance,CAKE
3SVAN3BRByDmHOhKyIDxfC,Karma Police,Radiohead
5mkGfmJGFZpwK9nA5amOhv,Sex & Candy,Marcy Playground
0ntQJM78wzOLVeCUAW7Y45,Sex on Fire,Kings of Leon
3LpnzPxkMI6XS4JCbhNeek,I Alone,Live
0tZ3mElWcr74OOhKEiNz1x,Bulls On Parade,Rage Against The Machine
57Xjny5yNzAcsxnusKmAfA,Reptilia,The Strokes
6ooluO7DiEhI1zmK94nRCM,Take Me Out,Franz Ferdinand
2JdzB67NvIa90K4gEZPLeX,Lump,The Presidents Of The United States Of America
37EJtTS7jT5WUyXGZzrwnI,Santa Monica,Everclear
70wYA8oYHoMzhRRkARoMhU,When You Were Young,The Killers
6emdJW80SbDBMuHci8PJJn,Shine,Collective Soul
5vVmnv4EN3X2VBa5Fo3UFM,Lightning Crashes,Live
3mhOmh4tRKsMfnRmgZfeBm,Far Behind,Candlebox
45Ia1U4KtIjAPPU7Wv1Sea,Are You Gonna Go My Way,Lenny Kravitz
6nTiIhLmQ3FWhvrGafw2zj,American Idiot,Green Day
4GiVcDqNQI0fc0yYuRGH9m,Inside Out,Eve 6
6mcxQ1Y3uQRU0IHsvdNLH1,Where Is My Mind?,Pixies
5sICkBXVmaCQk5aISGR3x1,Enter Sandman,Metallica
0HDaKOlVAfUWXdFR2RhBtN,Down,311
2gANywSFYF58YFMPdDSAjC,Stand by Me,Oasis
4ReyTz0y3TGkX48wO3Llot,Epic,Faith No More
42et6fnHCw1HIPSrdPprMl,Semi-Charmed Life,Third Eye Blind
2PdIo7ewQPuAsP99LVg9uy,Wrong Way,Sublime
0Puj4YlTm6xNzDDADXHMI9,Sabotage,Beastie Boys
3skn2lauGk7Dx6bVIt5DVj,Starlight,Muse
7c1Dar0pIAW7w5TzaGjt9t,Jane Says,Jane's Addiction
6ctbCIikHbC6tSOL1rewQX,Low,Cracker
0cuq829zRNq4AEdmDJA4aw,Two Princes,Spin Doctors
0z1b34WikhOH9ZxU8QDWcv,One Headlight,The Wallflowers
0ttHpMs250dpFkCYAnuhnE,Good,Better Than Ezra
4VwPsMcRt1HPVKIdcwY9Uj,Outshined - Remastered 2016,Soundgarden
2V4Bc2I962j7acQj1N0PiQ,Celebrity Skin,Hole
6W21LNLz9Sw7sUSNWMSHRu,Freak On a Leash,Korn
1ng36571Iyov4HBxUClySn,Pepper,Butthole Surfers
4beuBXU4k3YWwVKm0PpWhv,The World I Know,Collective Soul
33iv3wnGMrrDugd7GBso1z,My Own Worst Enemy,Lit
1BExV8JprNJLvLeDE9qdEW,It's Been Awhile,Staind
2EYnvZoSEkwiC8ynBcjLyi,Swallowed - Remastered,Bush
2hx4ptqsE8dboLH3NCLmaN,Father Of Mine,Everclear
3TW48DvQ7ChwY1Yy1tkMaP,Runaway Train (2022 Remaster),Soul Asylum
5pQEExRHWM9XnghO6bhdLJ,Hey Man Nice Shot,Filter
0smyCrJiibi2uwCiq5R1vj,Save Tonight,Eagle-Eye Cherry
02lTDOxHeXTHsdwXoz6lpC,In the Meantime,Spacehog
2ouURa1AIXp3AvkS52Jry5,Every Morning,Sugar Ray
7aKWgpecgLEqisWcXPElDl,Never There,CAKE
0gmbgwZ8iqyMPmXefof8Yf,How You Remind Me,Nickelback
5W8YXBz9MTIDyrpYaCg2Ky,Last Resort,Papa Roach
1OxcIUqVmVYxT6427tbhDW,Fly Away,Lenny Kravitz
1iArQTuOzxvrtniGmkyy92,Burden In My Hand,Soundgarden
6Fe3Flc9SjE03pqwD6PVQl,Amber,311
2eG7o3BfbzohiETArwsX1K,"Touch, Peel And Stand",Days Of The New
2hjGuRIEfEGzQ5MEWLowiU,Cannonball,The Breeders
3LbzMtkyPGcHc6IzyKclFO,Bailando - Spanish Version,Enrique Iglesias
7M288uc13UNSvwOSPfuEAL,Pompeii,Ark Rhodes
0Vqgp6a6Sj30CjBsTnCLYG,Adiós Buenos Aires,Dominic
7AKebOEDMEZWMqBl4bKoYu,Chandelier,Kina Grannis
03N2XffzJi4sInalUSYkXk,"Naive - Live At Abbey Road Studios,United Kingdom/2005 / Acoustic",The Kooks
417iZHySvA6ToTfg5uBMx0,When I Was Your Man (feat. Fifth Harmony),Boyce Avenue
73jLhrKOby9QOBdAdpnsOl,La Casa,Caramelos De Cianuro
029E08M0uTKTk4kgHrAeNF,Azul Oscuro,Zurdok
1hVQx6bg4uKPljAUkNjpY2,Your Song,Ellie Goulding
1rGxG6Y5OgmSwGPRPJv9Q4,True Colours,Tom Odell
7vgIGcKJDS0sJLajb9iV6U,Asi Es La Vida,Glup!
5HMLzZJYj3gRo2ulIBSC5d,Algo Tiene,Natalie Perez
4e5rVnBWDSwYLSXkMO6ljE,Everybody Wants To Rule The World - From “The Hunger Games: Catching Fire” Soundtrack,Lorde
1KHGSJPHiHkG2FEGFy8fLc,Pompeii,Jasmine Thompson
1MQTPiAPGHdMFVYUYWGOb3,Happy,Gardiner Sisters
6Pbh08Uo0o51ha2JOW8KtE,Photograph (feat. Bea Miller),Boyce Avenue
5Xh97PTcc1LxMF8sc8Xhis,Feel It Still - Recorded at Spotify Studios NYC,Portugal. The Man
3I1Q076OHNPGVsZvrZ0s7V,Pompeii - Acoustic Ballad Mix,Matt Johnson
4aWmUDTfIPGksMNLV2rQP2,Despacito (Featuring Daddy Yankee),Luis Fonsi
7IQ7Tk8D6fFAgl6aL7u5ia,Rude (Acoustic),MAGIC!
7FnHpKPgVC6GE0RRCJNB2T,"Somewhere Only We know - Live from Spotify, London",Lily Allen
10BpvV0IRrd7D0gtHrBTN2,Rubia Sol Morena Luna,Caramelos De Cianuro
2SIIuUwWHDxiv5xpMDpju6,Big Love,Gossling
0xAtTbEiqOQpSZhTsOregK,Enjoy The Silence,Carla Bruni
2dOhS9p28YanQHsI2sl2Th,Feels - Acoustic,The Mistrals
5le0k7yvbMCHH2Xa1tEpAL,Billie Jean,Chris Cornell
0iqfDCsvFZr9YBwRFqnai6,Rude,Walk off the Earth
67yiUTS1KFV3eGgvLNcnnq,Riptide - Live From London,Gossling
29XbgaYB4Hs8vlLmpzkRgj,Naive,The Kooks
0qYTZCo5Bwh1nsUFGZP3zn,Felices los 4,Maluma
402inY9UFrPImLssOP0Wo8,At Night In Dreams,White Denim
6zn5OFYwx705WTvYejsRxl,Regina Let's Go!,CPM 22
6dUfUi14QkuIpGA0GFFPyC,Supersonic - Remastered,Oasis
0iyglTS5t81u4SFDZOGIQx,"Skyrim - ""Dragonborn Theme”",Video Games Live
0der44SzM8j3KYyB9HZQPj,Can I Play with Madness - 1998 Remaster,Iron Maiden
3IcZnBcXwG0ubZs7aPGxPN,Demons,Tyler Ward
6hGMQDzAhFFjoPm3H08aDx,All Of Me,Chris Call
37Tmv4NnfQeb0ZgUC4fOJj,Sultans Of Swing,Dire Straits
6ndmKwWqMozN2tcZqzCX4K,Remember the Name (feat. Styles of Beyond),Fort Minor
7rvPutNkvU3KDJtpYxOUlZ,Circle Of Life,Tsidii Le Loka
3FyqYODt6oFxjmFiZs9Jlz,Labios Compartidos - Radio Edit,Maná
3Nwc1QErurM59nOfVMRRtA,Feel It Still,Tobey Rosen
6qMtl5CIw0ocZ6WqAlILTe,Fake Plastic Trees,Puracane
4X0TlqMqBS8llXhxODT0hJ,El Patron,Brujeria
7iEjqjGJU7LTpyU80hAHFD,Streetcar,Funeral For A Friend
7Jzsc04YpkRwB1zeyM39wE,R U Mine?,Arctic Monkeys
0ZWSpn7UgqAp4exbKEUD5g,Wild World - Acoustic Version,Joanna Wang
0c4IEciLCDdXEhhKxj4ThA,Madness,Muse
1ZyQGXH9dZ4AecevHhKUxi,World Gone Mad,Bastille
0x5rebZrHmLcrUXYCLnGzF,"They Live In You - From ""The Lion King""/Original Broadway Cast Recording",Samuel E. Wright
7qmOJCGkCHaMZYS45SLDK4,"Lemak, Aingurak",Berri Txarrak
3Wv8Ol0XQMuB7hnU80m7ea,Naive - Live From The Levi's Ones To Watch Tour,The Kooks
7htt7UuxHL5wneOcMWJP5E,Take On Me - MTV Unplugged,a-ha
0ct6r3EGTcMLPtrXHDvVjc,The Nights,Avicii
3bsX98Of6VzntY6ZHojBdC,Your Body Is a Wonderland,Boyce Avenue
0wzABO1igQsSy8cQ7dIeHK,Paint It Black,The Rolling Stones
3vWqlwPyVR7XkK6zHU9j1X,(Everything I Do) I Do It for You,Grace Grundy
2AnPNCZounMOg6f4rRJASv,Naive - Acoustic,The Kooks
1Le9GcRkDzdcuPnF95PLZB,Friday I'm in Love,Janet Devlin
3NTaEHQg5iVrRRNWlnK4RY,Eres Mi Religión,Maná
0cOHNQigalz5bWC7hdateS,Cien Inviernos,Sputnik
2ORrgw8M0ZbrFlm5cpaKCv,True Colors,Anna Kendrick
58gqyeFXhOttZW3yetJGPN,Reggaetón Lento (Remix),CNCO
6KzL8s8GdRbd5Mal8yLz6R,Better Together,Us The Duo
6yOvIqh2vFIBMHMED6P1Ed,Riptide - Live from Spotify London,Vance Joy
6vpW6Viyu6ndZGlUErli1P,Head On [Hold On To Your Heart],Man Man
5dTHtzHFPyi8TlTtzoz1J9,Helena,My Chemical Romance
5EuWYcCiqOaf9jkWBauDFN,Want You Bad,The Offspring
1Igy3egsujfV4WphlW0B7K,I Feel So,Box Car Racer
2Yzw1oQwuCJDglARieFOEY,Drive - Acoustic,Incubus
4yzgjSHWy5E8fKflgwaKQh,Come As You Are,Nirvana
6ORqU0bHbVCRjXm9AjyHyZ,Good Riddance (Time of Your Life),Green Day
1EKfyIWznKN5EeK2i6IV3n,Summer Of '69 - MTV Unplugged Version,Bryan Adams
5Tybis9p4M4TX2gJM8iqgh,Wherever You Will Go - Acoustic,The Calling
3OPVsn0Dk3s8vWhXxnK35p,How to Save a Life - Live in NYC - 2009,The Fray
1yroKBwU3gJEeGq1qnxYJO,Scars - Acoustic Version,Papa Roach
46qsdFU5mDxedhmig6IRt2,Demons - Live London Sessions / 2013,Imagine Dragons
6UFhNbE4sLRUoM52kC4Xl4,Wicked Game - Acoustic; Live,Stone Sour
1BMDaiVYDREQnrQZA7Drpk,"Sweet Child O' Mine (feat. Myles Kennedy and The Conspirators) - Live at Spotify, London",Slash
1qylvO4iCIZZcqc4TqSjTZ,Zombie - Acoustic Version,The Cranberries
6oyUroY42HiaD9Q9VBw4BP,Here Without You - Acoustic Version,3 Doors Down
7FRfYOql61DGDp9VPPe2qA,Down In A Hole (2022 Remaster),Alice In Chains
62nQ8UZVqR2RMvkJHkcO2o,Jeremy,Pearl Jam
6QewNVIDKdSl8Y3ycuHIei,Even Flow,Pearl Jam
4OaV9UYQ3EfrBRPjoO6u7c,Heart-Shaped Box,Nirvana
0elH6ukMGLyCHJavHutEza,Creep,Stone Temple Pilots
0O4Yt3iHNIZGFE3uhFLu6I,About A Girl,Nirvana
6QTvIHixO4A2XrRT8yqT1n,Everything,Alanis Morissette
30xelEKGvkeURLrVrCAJPS,That I Would Be Good - Live / Unplugged,Alanis Morissette
0Zb9qoST5USPd3msbxl9YQ,Precious Illusions,Alanis Morissette
27cJHbsqx5idVLRZ4f5VsN,Crazy - James Michael Mix,Alanis Morissette
6rRIRMEhVclbTleCJQsrPm,All I Really Want - 2015 Remaster,Alanis Morissette
1oVnIYWKugITYu99VMguwr,King of Pain - Live / Unplugged,Alanis Morissette
735rjks7kQgWCjTQlIHMuH,Head over Feet - 2015 Remaster,Alanis Morissette
2LVxvGhl2U5p2ql2ujc6vZ,Hands Clean,Alanis Morissette
2lE7oRoKssULAtbWViL385,Hand in My Pocket - 2015 Remaster,Alanis Morissette
4l7YIni9bAiGwWMqK5wvgV,You Learn - 2015 Remaster,Alanis Morissette
3jS7bB0oXVOwGFZn3aE5NV,You Oughta Know - 2015 Remaster,Alanis Morissette
7c1iI6dwdCpHGYT8DGEfab,Uninvited,Alanis Morissette
3CVDronuSnhguSUguPoseM,Thank U,Alanis Morissette
1d6KS9GH06JAd19uiBy9IE,Ironic - 2015 Remaster,Alanis Morissette
0hIslOeUMKgsvBe1GUGZZO,Evidências - Ao Vivo,Chitãozinho & Xororó
2nCuwJzB5gc5bNPetNwrvH,Baianidade Nagô,ANAVITÓRIA
6bgQIw80xWC3MPZX4kVYGw,Trevo (Tu),ANAVITÓRIA
0lwrkYbCwtAWTI0OIWEnd6,Fica,ANAVITÓRIA
60JWUDrpUTuu6gxTvknjg5,The Prisoner - 2015 Remaster,Iron Maiden
4eJRFSAyXHRYkOAaCQ4yJM,Different World,Iron Maiden
0eQoaJKty5PjQnE2a3WTJZ,Run Silent Run Deep - 2015 Remaster,Iron Maiden
67GyObHxvR9o5yzyQ4FdHd,Sign Of The Cross,Iron Maiden
6Bg8wr9A4pEQu98f2WMJJp,Dance Of Death,Iron Maiden
4STDzTw4Z13mee7Ig4vi1n,Seventh Son of a Seventh Son - 2015 Remaster,Iron Maiden
2ItrQShUvHTeaiZiDukjNo,Stranger in a Strange Land - 2015 Remaster,Iron Maiden
1198hsFUvkbffYd8Ff58DX,Prowler - 2015 Remaster,Iron Maiden
2mpdTbHtsUTbunJ62itq2E,Alexander the Great (356-323 B.C.) - 2015 Remaster,Iron Maiden
7owsQDXB7wAwygcbhTVLYf,Death or Glory,Iron Maiden
1A67ajc1dTTlJugu64ILSe,Out of the Silent Planet,Iron Maiden
7tcaQvBbSpNN0P2UF6WXxB,Children of the Damned - 2015 Remaster,Iron Maiden
6qMlKArLAMDGVSzaIUhhxC,Futureal,Iron Maiden
71kapcyWLxdv7kQpM6jFTv,Murders in the Rue Morgue - 2015 Remaster,Iron Maiden
6K8ROjiPJqyHDJS0sA0dwH,Rime of the Ancient Mariner - 2015 Remaster,Iron Maiden
3KqYcqLk7YUyNIxr9jCNhC,The Red and the Black,Iron Maiden
1NKCyTMiMoqqrqdB543UPK,These Colours Don't Run,Iron Maiden
40j3GW7l0R4EM12fHqNqM2,Bring Your Daughter... to the Slaughter - 2015 Remaster,Iron Maiden
1UuWgZ0TXOAKCa7bXD0zW8,Tears of a Clown,Iron Maiden
7xa3dJQMzBVzsrZ81tNcHP,Be Quick or Be Dead - 2015 Remaster,Iron Maiden
7gzOdsRPD7z9blkrvlLKbX,The Wicker Man,Iron Maiden
5DtA7q19cLvJ7A9L13NmsH,Man On The Edge,Iron Maiden
6QKhecJ2JuajCTPTtYkKUQ,Afraid to Shoot Strangers - 2015 Remaster,Iron Maiden
5G4nSXSyNIVbPiap7gu8wY,Holy Smoke - 2015 Remaster,Iron Maiden
4FfIjCF4Hj5urJMYHlVjpc,Brave New World,Iron Maiden
1SpuDZ7y1W4vaCzHeLvsf7,Wrathchild - 2015 Remaster,Iron Maiden
5YBRbCkuzxkxA3e5BfetdI,Can I Play with Madness - 2015 Remaster,Iron Maiden
5JX4CIPK47CU1iVeAWJtH5,Running Free - 2015 Remaster,Iron Maiden
14H2fE4WEdkEem0kjVeODT,Phantom of the Opera - 2015 Remaster,Iron Maiden
0S90LE5Z8FOdbui3tLak6t,The Evil That Men Do - 2015 Remaster,Iron Maiden
3wFGRek61NIF330UwJCI52,Aces High - 2015 Remaster,Iron Maiden
2KKLuHN6zDxVnWtFKO8vo4,Wasting Love - 2015 Remaster,Iron Maiden
2SrVGpjv0mqCR6j9EZPSm2,2 Minutes to Midnight - 2015 Remaster,Iron Maiden
4Zc7TCHzuNwL0AFBlyLdyr,Run to the Hills - 2015 Remaster,Iron Maiden
0vrmHPfoBadXVr2n0m1aqZ,Heaven,Avicii
22oEJW6r2rMb9z4IntfyEa,"Hey Look Ma, I Made It",Panic! At The Disco
3QpkbrYXtlU3LRJu3sTK6V,Joy,Bastille
1TIvODlICRKM5uhbKbNFGA,Tempos Modernos,Lulu Santos
4CpwoEs39CydHJuTCl9kfm,Por Onde Andei - Ao Vivo,Nando Reis
5Kayf37CYgsWqgkWMTHZPu,Os Cegos do Castelo - Ao Vivo,Titãs
4vqmq10gYLW7oykmUFUF65,Deixa eu falar...,Raimundos
6U89aHzGw13IGTtS9BBs74,Em Plena Lua De Mel,Pedra Leticia
5rdpJfaG0omUnjkE3DVAZd,Admirável Gado Novo,Zé Ramalho
0YtD2P3M3d56pv0OkNpsHl,Amor pra recomeçar,Frejat
2ma8V5vEOfCuyqZ0V8HAq3,Toda Forma de Amor,Lulu Santos
4XXaIb6V1u0X5Ao2xzeotr,Mentiras,Adriana Calcanhotto
7dxK6RSoCWZcb5gobxs1h9,Vamos Fugir,Skank
18wdzUDXJyfXU0TmI9ePvy,Garoto de Aluguel (Taxi Boy) [Ao Vivo],Zé Ramalho
3iof6EclqePezHDibBiykI,Oceano,Djavan
624ra5mDiibqvFYDK4yhmo,Mulher de fases,Raimundos
6F3aEXHWacgFQOMibXHviN,O último romântico,Lulu Santos
7xpDGoUGbtaquk5xMvzwTh,Telegrama,Zeca Baleiro
1LphXGnd5o9F0hOE61Zf9T,Óculos,Os Paralamas Do Sucesso
7x1jbExVJXOrJ3v3OBDTN5,O Menino,Pedra Leticia
4udWxUu33DhKGP7uhSbUiN,Reza vela,O Rappa
3oBXDZlUkqX8BU88YXhzfy,Vícios E Virtudes - Ao Vivo,Charlie Brown Jr.
3pUQEJXwmnooceL5DqluNA,Borbulhas de Amor (Tenho um Coração) [Borbujas de Amor],Fagner
5GlWYw7jv1tqBzsDv6y3Ap,Mulher Diabo,Matanza
5rhijzoJmc7ZdnEgBS58Wh,Fácil,Jota Quest
3jFxkWQ1i4ephuKK56T9ta,Nem um Dia,Djavan
7x4bh40tbYvpN5Gp7fMyts,Rebelde Sem Causa - Acústico,Ultraje a Rigor
4IFN7TSk0qhbFUhv6qj9U1,Eu Não Toco Raul / Citação Musical: Popstar,Pedra Leticia
7pn5QXr2LTeGsgHyCaJxDo,Meu Erro,Os Paralamas Do Sucesso
4xRl53e2WsFTJJva9c7DNk,Cegos do castelo,Nando Reis
2ScU6iEvgb0TIuKiyem9rg,Proibida Pra Mim (Grazon) - Ao Vivo,Charlie Brown Jr.
6Pa6VpdGS8OfiVOEnNAHHw,Eduardo E Mônica,Legião Urbana
1xd17oTRJ5sFIHySHLnad9,Algo Parecido,Skank
6Zo58fraaPpTUUdYHwH0sf,Por Enquanto - Ao Vivo,Cássia Eller
1rwhj9Z4Y3tjQ15MYkNNzp,Carrão de dois,Raimundos
0NFVg74sSsdU1gNc9xfpIO,Aonde Quer Que Eu Vá,Os Paralamas Do Sucesso
3twNvmDtFQtAd5gMKedhLD,Somebody Told Me,The Killers
5lN1EH25gdiqT1SFALMAq1,Gold on the Ceiling,The Black Keys
19SdxAsiqFeym11QoHzncZ,Help Me Stranger,The Raconteurs
5Pdd4QCr0rREXM03zBM2Eh,Walk Idiot Walk,The Hives
3n3Ppam7vgaVa1iaRUc9Lp,Mr. Brightside,The Killers
5LlsD7LdSMkGV4Iu0a2Zq0,Waste A Moment,Kings of Leon
0NtP22bOIK95r6NqsaxpoW,Kiss Me,New Found Glory
1ZaxUokPjgc4Po18K7t7LW,King Of Pain,Mudvayne
6Nui5yNczw3vAsfPKdiwS3,California Waiting,Kings of Leon
2G8IHtLBcgu2GXTwq0iB4Y,"You're Gonna Go Far, Kid",The Offspring
4q5cQyhhUW5X0PQVzA8VsG,Mr. Jones,Counting Crows
4nhWET56c4jPScMGnivGwz,Where'd You Go (feat. Holly Brook & Jonah Matranga),Fort Minor
1PFUvB9Rk9qDd8t6GbqTfM,Wicked Game (Live from Spotify London),Wolf Alice
0hHVWzhMs8bmKrs1NNx3c2,Stayin Alive,Capital Cities
3CVPyuuD6HxWXgPbbGqbg6,Are You What You Want to Be?,Foster The People
6tExkZ1QeT6QjXxgpwA2ct,"Mr. Jones - Live At Chelsea Studios, New York/1997",Counting Crows
2Iq6HhIquO7JKr0KfTNLzU,My Type,Saint Motel
1FMm3wG5WOhi7js35KR7Ea,"You're Gonna Go Far, Kid",The Offspring
3LRJbFT9rKoKv4aW7PuBJC,Longview,Green Day
3iqYQt3wKwFXIx6Kp54uW9,Sabendo Que Posso Morrer,Matanza
1mK7rqBmWWFvU1huYnsPGq,Sonífera ilha,Titãs
6RpjabLbu3at52ZTLBEq8w,Shine On You Crazy Diamond - Ao Vivo,Emmerson Nogueira
6mLAQvr7hVVaTLsTTEHAzH,Palavras De Um Futuro Bom,Jota Quest
2vWxcvNva9F5J7QzK2GrSb,The Wolf,Mumford & Sons
2Ll44WxlG2eiqL6NtEnf8M,Blood Brothers,Papa Roach
3IV4swNduIRunHREK80owz,Rollin' (Air Raid Vehicle),Limp Bizkit
5v3R1QtXDInpVgrItzhISl,Witchcraft,Wolfmother
5XdFVvTBhr1JvtZfazo3fE,Con Clavi Con Dio,Ghost
0hIGUS1PQbv5NIrHIf6Fza,Sweet Emotion,The Kooks
0OM9ri37LIbPc9hffwsyb1,Hard To Explain,The Strokes
6dNJ3lasVLPd0078T9yqlm,Joker And The Thief,Wolfmother
2x8evxqUlF0eRabbW2JBJd,Fluorescent Adolescent,Arctic Monkeys
1R6VlzJlXI38FJnmHVteMZ,May 16,Lagwagon
3AVZaAbDvR6rs2NN4n0aAF,Ace of Spades,Motörhead
33iQW2OneB0oNh2NfrAzqW,Blitzkrieg Bop - 2001 Remastered Version,Ramones
6aF5JtQSrh7wNrkDE9B0My,When Worlds Collide,Powerman 5000
6q0HeADAxsP27jDJQSKaCB,I Predict A Riot,Kaiser Chiefs
0obv9ng3ulbtAFFBiYrxJe,Everyday I Love You Less and Less,Kaiser Chiefs
7DhYjNLksXZhbRQeheAums,Caraluna,Bacilos
79lRCD0WqZYZkGX1xiIIvs,San Miguel,La Gusana Ciega
4zzi2eD2cEPpQ3a307mPPj,Billie Jean,The Civil Wars
24rFwAcC6eqPvyMuPynVGH,Home / Dirty Paws,Gardiner Sisters
3tWudnj1NK7YUfnR91nezW,Fat Lip,Sum 41
1hvY0umI4wy2bSqWWH4fqv,Days Go By,The Offspring
2fYq0QnkfHuNSlZqc8qgv7,When You're Gone - Acoustic Version,Avril Lavigne
0Rikz1yDeAvCAS77IYoqTV,Blood Brothers,Iron Maiden
1HM7Vp84E4SMzdrZONg6bH,Wasted Years - 2015 Remaster,Iron Maiden
7ejyUCWw9t9AbeOrCj5p7t,"O Que Está Feito, Está Feito",Matanza
6C6315RjrDrqj1oqaJVGY8,Senhor Do Tempo,Charlie Brown Jr.
2HBLs8emSoUu60z0sVvMOD,A Thousand Years,Taylor Davis
03Yd9VwwKHjB1rV1qmG5vs,You're Beautiful,Boyce Avenue
39QpjnQzIFgXsukiVdxBh5,"The Pretender - Live at Studio 606 West, Northridge, CA - September 2007",Foo Fighters
4siFdX3QLfjtzg1HHgCPW7,Wonderwall,Ryan Adams
7ArtaHPEFMNwGze3w6i0Qk,Enjoy the Silence,Nada Surf
4dzOxPZFYX77xpMwv4EhnO,Fat Lip,Sum 41
4D7sweC53ikn2HrABdrvdm,City Of Angels,The Distillers
05gqS78oJVqZIvIARimXjD,All I Want,The Offspring
4vq6RWl0rFBoeSxDkdkUNh,21st Century [Digital Boy],Bad Religion
5MjxA0iKBexRxwVfDDrdnt,Hate To Say I Told You So,The Hives
6NcHJ23mLQKnVxQcOmT7JW,Someday - Remastered,Sugar Ray
11kmPqb02yGcZtLilUoHMd,Marvin - Ao vivo,Titãs
19YkX6WwgFKwCQ5edvLWvn,Resposta,Skank
6L8ioSFZVWeJK2jkOCkflj,Pompeii - Live From Capitol Studios/2013,Bastille
1cEVTWDOAE2JHYh8OqHAFr,Angels Cry - Live,ANGRA
1wsRitfRRtWyEapl0q22o8,Guerrilla Radio,Rage Against The Machine
23RuCuUzVU8KMJOjJqH424,Five Lessons Learned,Swingin' Utters
7tt28wbdKmFqZZXsCh4tTk,Heavy Metal Winner,Consumed
12SsouyS1U7W0cFQupZar5,Out With The Old (uncensored Sterilized) (feat. Alleylife),Alleylife
5G1ExEKtOyNbF9pIzSR98C,Pin the Tail on the Donkey,Naughty By Nature
4X3qGigyU6ARi3HP4lWD95,Superman,Goldfinger
1a3X8Y882vwSnlnHqf9ztF,Shimmy,System Of A Down
6WwmX57BhY3Xji99uWGjfb,Evil Eye,Fu Manchu
0q6Qyd2QaHMHp7APKyQsyi,Not the Same,Bodyjar
7mXieDbl55P3L8kPE33gcC,The Boy Who Destroyed The World,AFI
3z3bcIS2CBJ5pqWQjKPiIo,Wish,Alien Ant Farm
05NYcsjJwOYq4jIiKPVj9p,Hard To Handle,The Black Crowes
2lDgdWIGLYuk74pDeRPgPF,Chosen,Måneskin
01GZjSSjSSpvTnDNdR8r3Y,Recovery,Måneskin
5HgZU8DoSWLvs1dWBvXYJt,Vengo dalla luna,Måneskin
3Wrjm47oTz2sjIgck11l5e,Beggin',Måneskin
6D2tOVX5MMl8jNVkwsFaWg,Let's Get It Started,Måneskin
4AIatGjGyVipeEAzCMTqOg,Somebody Told Me,Måneskin
5AVPuxGEBlOaSsWDOh0OE7,"You Need Me, I Don't Need You",Måneskin
7F5GuFWbBqMURqPQjfAeC3,Fences,Phoenix
6Kh1uaN6zhSyfLb6HaYGqC,"Love Like a Sunset, Pt. I",Phoenix
7rCYiUnMGloBwREKrFkbf9,"Love Like a Sunset, Pt. II",Phoenix
5bYQM8TrQ6ur1SuEieE3pK,Lasso,Phoenix
5URiEZGRfV2XXfrgRURmiL,Rome,Phoenix
4vR1pscxxTAaaKL21hO5rH,Countdown,Phoenix
37WNPHZnXsbsODgCsnBKti,Girlfriend,Phoenix
4Xj1c80iHxUeog2hHB55iw,Armistice,Phoenix
0LuVpXVTaWY9Un2w9GkXjf,Mad World,Michael Andrews
0nCAVzknkzRXRgB6LhRv04,Molly's Chambers,Kings of Leon
1yVSL76wr4WTjgTyRGd2Ei,Charlie Brown's Parents,Dishwalla
398cU7sJTNJUTJMLxB3w99,Close To You,Dois é Par
04wHd0KhTk0Vdsuv4bgOxk,Can't Help Falling in Love,Dois é Par
4U9eZDj53JgPJxnEMZjd0h,Eu Te Amo - Voz E Violão,Bryan Behr
429NtPmr12aypzFH3FkN9l,Coffee,beabadoobee
78oeeGkqmsr6r6AlW0x69d,Diamonds And Guns,Transplants
6PxC0ilHOSZGO6ASrktNv4,My Son John,Smokey Bastard
4Sope1x1EUQiWPyCMKFRRN,(Everything I Do) I Do It for You,Grace Grundy
2LOEgB0Jk9suqAP5dDS4bp,Dakota,Tom Speight
76oTcfNSAGS1cmzVTjof5e,explicit,MC Levin
2kWowyDGD9yOL0WQzni20m,explicit,Mc IG
142YjJNOuXjzeSDnB1ujw1,explicit,MC Levin
0jlLqG8aydyDjZkJ0ShmPg,explicit,MC Menor Mr
5PNJXjGx8PAFooqCRuTUIv,explicit,Mc Magal
6hBJItQ4UzU7daLNHefFdd,explicit,MC V7
1yaR4QvPRMqC9gbIIKqdwj,explicit,MC Vinny
4kiauw5SBqEsu5GuGD09aM,explicit,MC Alexandre
2sFtx0JbwbPWE06xTbkYvN,explicit,Mc PP da VS
6xdJxdr8ZgQxrp9DjjBX1M,explicit,MC Neguinho do Kaxeta
1x82ck25gCbMhOjzPriTO3,explicit,MC Maneirinho
0qFg2j9IjTwEKlG7ubIwm5,explicit,MC Fabinho da Osk
1NhURyuIRBR9mjL9mEq19l,explicit,MC Gomes
3AUyKWQEarfRQzDa0V1QI9,explicit,Mc Kaio
2FGJiO7pau2JkaO5VUYTL2,explicit,Mc 7 Belo
3XxCrC4JUUy9RNVfjDW9MG,explicit,Mc Talibã
4VgvliS9U0tMW1YByWUQpv,explicit,MC Rafa Original
7qHJfasHCvHFaA0YDVA5FZ,explicit,MC Luuh
1Fc4p4FwsqH86K4mZfvjwG,explicit,MC Torugo
7LxM12lDHn8k3YmATTVvEk,explicit,Theuz
4PGVGx3vrVeIu6ITo5fFzF,explicit,MC Rogê
2nCKTSg3tWkfth4TSYBVzy,explicit,Rebecca
7yAXupI28jFusYRBCYE8zv,explicit,MC Rafa 22
0Rj73r0OOJDuXqCtpg7rYF,explicit,MC Rafa 22
7fy4ax4OpWABpauIuDRQWI,explicit,MC W1
2kwfAdbcE1aps6P61SK1fs,explicit,MC Rafa 22
2LPlsdRUb4GRq9Wb5sfunH,explicit,MC Arraia
1IwiicLwxcjDIKZy7WgdA7,explicit,Mc Ed
1HLdCQqwom9hTuLdLy2Mz8,explicit,Mc Ed
2MOh9DvGjn6234gMxZvbbt,explicit,Mc CL
1glXZFjVfeGVceIz2u4KLf,explicit,MC CLSP
5ZwX7MElezy7wlfSMMD1gS,explicit,MC CLSP
51itp9mG8Nf1aKbEekgcxV,explicit,Livinho
5tRd1pfBxJKl4RPtk0GMOj,explicit,MC Petter
1oEiWJLbqcdUjskc0E6IHf,explicit,MC Petter
7Fq0IWd06H1DgWfPhI0dVd,explicit,MC Petter
0RTpJ2rdyYTRaZQdx9PS0l,explicit,MC Fleshinho
6QFKHn9cYXtIMzswl9W6PO,explicit,Mc Troia
5BksPA7SFrnW0B4QNcHxHM,explicit,Mc Troia
3voDDf44dmB2zKa3no2h2m,explicit,Mc Elvis
3u2CDiJ1ksvvfUApfXmtau,explicit,Mc Elvis
6xxxUd2HJnGDVSaE2O5IYL,explicit,Mc Elvis
2B5t2JiExquIZJZWb0hlSC,explicit,Mc Elvis
6cbVDUSzKj6ogYZVS8wgd4,explicit,MC Cego Abusado
54sF0MCxn3B80ZzaPrlUX2,explicit,MC Cego Abusado
2Xbm1GS9hBtMzaZ9oqzfHd,explicit,MC Cego Abusado
2Bv3w0y9BlOOfdpJeQ7h45,explicit,Mc Troia
1DnJXw2RjFSCl40OVBrT1R,explicit,MC Reizin
2xb3PnT4FD9Tlt6GLTVu8P,explicit,MC Reizin
2sWJR5MPYJBCds5s23LRcv,explicit,MC Delta
5OQsIXDfhQQ2m878QhhnGf,explicit,Mc Daninho
77oqowFEYWlp6muEaSxRb2,explicit,Mc Princy
7IFXlwyHqQ6VMtWLfjDUqZ,explicit,Mc Abalo
1demYeXXPs57J5gVw10Ks4,explicit,MC Sapão do Recife
163SqUJ9bGYp6YY8CQo9wF,explicit,MC V2
1tySLODkG7TjlMuNGhV0IW,explicit,Mc Daninho
0WMlpkJQTjHrEpm1uu8mLV,explicit,Mc Romântico
0Q4idwgYziQYhsUd0aabDU,explicit,MC Reizin
4cIdaiHn6sV7OdkQdBOdxV,explicit,MC Timbu
4lcb6qq4iVEfx0U0FGbdNi,explicit,MC Timbu
2PS5KKCWgKYGlBgEJRY1La,explicit,MC Timbu
0moTJnRHi6fNWG7luim3Jh,explicit,MC Timbu
74AbkJbOHBIb6LNKIzVWWk,explicit,MC Taizinho
3CcYGz9arTJCKDpZuivWXL,explicit,ELLY
4nVeG9irFtJfDHxLwA2wey,explicit,Mc Topre
1ayKFais9elFBwE3zqN4Ar,explicit,Rebecca
1HEr5uCRyuuLlVCOB1RiTE,explicit,Luísa Sonza
220QqE38Qrmyrtyd5xqB8i,explicit,Pabllo Vittar
3eCofNVG97J3lRyNhh0zPP,explicit,Luísa Sonza
0HocIafyaS4C7rDGTJXYnj,explicit,Luísa Sonza
2KlcjhynNLGbvyS6z5mFD8,explicit,Dj Risada
5tDsDvz7BDTtiDvhWxPVk2,explicit,MC Reizin
3BT9VGIAXeH5KRDnyqNASy,explicit,Mc Calvin
0PJMowBZtDaVyWD19tAUls,explicit,Mc Calvin
62BMP3xJ0NupOWjz1eQ0Vj,explicit,MC Roger
1kg8WVYDnes58GOJgwQVFR,explicit,MC Cabelinho
2CNDagCqnLv5WrPNC1WlvT,explicit,MC Du Black
4Yt9oReFfOO9tSiMOhI3nH,explicit,MC Du Black
76tSJsLTbSZAr2LLDY8yZh,explicit,MC Vitinho Avassalador
7FFxxNZXNYIBgWOgmAfbxg,explicit,MC Luan da BS
3IBzeiOJO6sOnYisfMTrti,explicit,MC Vitin LC
4Wm9JcZiWBvz92K9qAAdwN,explicit,MC Vitin LC
3u2sQL7gC7EjPFM9wG4lhy,explicit,MC Pkzinho
7vvGZq9Uky3D9Q8RSRCGt8,explicit,MC Pkzinho
3CBo1ursYTpd9iopmuzl1a,explicit,Mc Kaio
7hnW4KUpCpUKz9WsTuwE2N,explicit,Mc Kaio
5uLR4ooKRpumSFwG7eLQbr,explicit,Mc Frog
5V6EoY1Kq9O8oOFjJjhUYn,explicit,Mc Frog
0EWOffv7fXGFDO6QET6C2A,explicit,MC Arraia
3jdNHCyE48KnsnXaJwsFy3,explicit,MC Marks
3AHnRCZ39CfGbYRl3euaaH,explicit,Mc Leo da Baixada
4fXzmcqgzhuJu9vXK64FW5,explicit,Mc Kelvinho
2TpfIIAtMFi3ta7dncAT3o,explicit,MC Rhamon
09pXMR38aQ3erbIzzXCvbI,explicit,MC Rhamon
4s8qE0lKirf4epFUCJvlN0,explicit,MC Rhamon
1g2CnNmZ7WkdIz2QjsIWdO,explicit,MC Rhamon
5jTa7Nf1qj1fE3vc5ZKCkv,explicit,Mc Mãozinha
0eNyCrKg2BDMof7EKxmzuS,explicit,Mc Mãozinha
5u8VHxmHSXYGI2LZwOUSbZ,explicit,Mc Mãozinha
5zuo9kH1Rj4GZbVGVGbXEW,explicit,Mc Mãozinha
644PiGkSHHQbUbvv0x2jTY,explicit,Mc Kelvinho
6UVwyJ81pul0Vv8ACmhjGL,explicit,Mc Dimenor
1xGkVkgSbu76SZNSeqzKtT,explicit,Mc Dimenor
2keHonEjxImArjfnsRKpja,explicit,Mc Jhojhow
6uQGWCkAF3rM1KpmyMlLHR,explicit,Mc Jhojhow
7eNK2an9r40MB4C3rmG0r4,explicit,Mc Nando Dk
4BneU84jzqyle9OnrFmNAS,explicit,R1
3Bjjfv0UITE5tsERLD7AGz,explicit,Mc Magrinho
57MTKK5gvKQXkx1XDcu5Wg,explicit,Mc Magrinho
7utU6IzPKNXXciRT8YKwmy,explicit,Menor do Chapa
0BcyEKVj3v4COQuBxiIejb,explicit,Menor do Chapa
5zesnX8rJ9W1WiFa64lH0H,explicit,Menor do Chapa
2WqwoGVFLwHiI5qFe8Gknt,explicit,Menor do Chapa
2YcYq07Y8WizYfdXckzHk2,explicit,Mc Roba Cena
0Gv6vYS0yyP6KMaCOiJL5g,explicit,Mc Roba Cena
3ShPuQnVlARW7ZhEQxpT84,explicit,Mc Roba Cena
0PwSh5KZSGMJ20gxQsXbB8,explicit,Mc Roba Cena
06RLZonRimy3B9WAn44ftT,explicit,Mc Priscila
7yXjiudJb6NZqVJWXwwTKP,explicit,Mc Larissa
0ZIqoxtoXPZlfZvrfxNsYZ,explicit,MC Flavinho
4j3ks7PnPeax3qtSCCu52c,explicit,MC Saci do Pira
2y0lYm1RyouoySaV226NRY,explicit,MC 2L
24L4MaOvF7sH4GUX8U5AYz,explicit,Mc Zuza
3i0CC1WMDMfss92QsaPkOr,explicit,Mc Zuza
6Qq7F1cu1W4RTzmVMjWwhj,explicit,Mc Rd
0AwPzqv3MLAYyKxhvTpDfr,explicit,Mc Rd
4flFJBcyeqMQjnCllmQtYt,explicit,MC Marcelly
47JvW4EAZcmwdLvFYQUL65,explicit,MC Marcelly
1FJtsOpE3G33dckPKpj2MX,explicit,MC Marcelly
2VLcBmrlROVlaGBkrpq1ts,explicit,Biel
2DXpSXVngUnOpOPu9jmS82,explicit,MC Mirella
6YlhauA7Y5oqznubij0iGU,explicit,MC Mirella
5iPoYP37zMofM4GSC6VSDu,explicit,Mc Bella
6t4dFNnocfJUQFdl7Y9PQb,explicit,Mc Sapao
6P0fgb4aGJBHRPJUS3qEWN,explicit,Mc Bella
4dEJNZCO54vdg55dXxhIXk,explicit,Mc Bella
5Lu2l2zU4ItNTuDqVC8Ult,explicit,Mc's Zaac & Jerry Smith
1IeIWLxfi5pLzIolVgiDrk,explicit,Mc's Zaac & Jerry Smith
13czuvaAhZ8yWP2OOitFlW,explicit,Mc Nego Blue
7KZa6ZCGp6v2hqhDNdtGbI,explicit,Mc Nego Blue
5BryMRzwtPUztsAM1d4R4s,explicit,Mc Nego Blue
76q1Tig7j8ReTQCG6vR9EI,explicit,MC Nego Blue e Flora Matos
5r4hiqXKhTtS6cPPrlkNmg,explicit,Mc Yago
3UzTZdxtrwcBkTbx4jUIIq,explicit,Mc Nando
6TzbJ0BDnd6vlVg0EHPvfI,explicit,MC Alemão
4mMBvA1SKIyVTrMn0y4hPC,explicit,MC Gão
49n6Th2A1crWksdudv73t5,explicit,DJ Nem
6NHxhlfg2ueydSqWahv1by,explicit,MC Menor Mr
7hKemCprUtFx88R7pOgTwD,explicit,Mc PP da VS
0dAviMKIaPQHbCd8DswIcg,explicit,Mc Ramon
2DUXgmZoGTjIGnQe52BZax,explicit,Curuca
4mWGzzTfYgU4ihQUzykkHn,explicit,Dennis Dj & Dj Joe
2LfRlQRfLgPjIWiAgzg0T6,explicit,MC Galo da Roça
1OtZIaJBXo3Pe6nfaMsjKT,explicit,Delano
4sqwNMfjmLyHp2wID2pmPW,explicit,Shevchenko e Elloco
4u9uWoM7JbVHalHEdyJKpC,explicit,Samuel
4TQMiSKU7LfjYBFIaQG75O,explicit,Mc Sapao
2AyeQjYYdY1hIXuL3dIWmq,explicit,Luciano do YTB
06u3GCOZCmCfgIkFubuJDW,explicit,Mc Magrinho
4oLMDK1fKGR9txzYXHpNKX,explicit,MC Pet da VS
2Bjwh0nOLozyPbSqkkQTMr,explicit,Mc Brinquedo
1JvDx1F68MWeGk278Z7eEl,explicit,Mc Pedrinho
40xrwCpf2RpE6sPe2Wsg4C,explicit,Mc Jota
1tlRWonMlSMQUOaG3deZ5o,explicit,Mc Yago
1lYvenzpMclxzJAFy0PHaL,explicit,DJ Ferrugem
6NdAi0Y9hiFP8ok5mRFrVt,explicit,DJ Meek
6vznoMl5fj1iLZ35LUKnO7,explicit,MC Vitinho Avassalador
12WABm3VMNx4FRHrYbP6SY,explicit,MC Vitinho Avassalador
1yubc9XEVMvp1Q7Bh234bT,explicit,Dj Batata
2IjcRlKhPsINh9G8MSl3RU,explicit,MC Vitinho Avassalador
1F3L3PkkDLlwRBAs2szfgB,explicit,MC Gudan
3u39TfmyJwdEwIgiIlEBYX,explicit,Mc 7 Belo
2DKXdUXfNuReh1wJ5m2llk,explicit,Mc Brisola
27BYTjP2D3kOvanFE7H879,explicit,Mc 7 Belo
7IqlQNCxzZ9BMqKDAoLTCh,explicit,Louco de Refri
4BdGnm6Z3WT7ujFRoh9Nmg,explicit,Mc Gw
6CBVT6Cz5OjMXrs4fFQGjw,explicit,MC Digu
2tKlg8mugIJOWFj2TVRgUz,explicit,Mc 7 Belo
6ir5N85SLP5XXBwi34OfTb,explicit,Mc 7 Belo
075G01rZG9zgXMZVoyw62u,explicit,MC Lan
5ymZAVJrO33yodwagtKiEX,explicit,MC Arraia
6BUDOScc6YkgELitccjRwM,explicit,Mc 7 Belo
3zNSgmIHSO4YeoJiloTsS4,explicit,Matheus Yurley
3maAfassWipE1EWuAdHcvF,explicit,Mc Neguinho do ITR
5B4gvLU7eTxKVlPjaBAFaW,explicit,Mc Magrinho
5M1dQupugn32TOgbm4XGI9,explicit,MC Kapela
5hVnWsWgbZHaY5hkfguB1N,explicit,Mc Kitinho
6qmTs3l4rwNeozS58VS9Vg,explicit,DJ KR3
0UC30VeWq6CehvMWqgEGqC,explicit,Mc Jhojhow
0M1u7H8tXKhATCPCWxldIV,explicit,Mc Neguinho do ITR
0UxzeqXuE5m8q3AXVlMqHs,explicit,Mc 7 Belo
4TzOHFlMfDyRkBHuXjSoct,explicit,Mc Juninho Jr
0noN8ZaBFpRPlNiAMoQ2Dn,explicit,Mc Gw
2I65vYI3g9KtpSkj9MXUoL,explicit,Mc Jhey
1dHZSlCI8CpTiTqM55MnX7,explicit,Mc Magrinho
0tvPdKFPhcDlLcwPfxxOn4,explicit,Mc Kitinho
7s3QOWAsyJz5z6sPUP5GE2,explicit,Dynho Alves
1KErpgadHXfuGZHGp4r9Zn,explicit,MC Novin
5yTtUgopXuRJDrKVDD2dSD,explicit,DJ KR3
5bjQNEMNvKLKPUrzhqmnXA,explicit,MC Rick
6IGS4HNZYeAVLM4mqqG7Ga,explicit,K-naman
49LPOJDQ3BGW2w53zly9cQ,explicit,DJ Teta
78XJ3bp2C68tJTyGQlxYoL,explicit,MC Rick
6dqhPzlLLmTZHrodDNPpDM,explicit,MC Rahell
60jxdu9O1JaHoctRnI0jqF,explicit,Pet & Bobii
6jr1o7Aka2cNbl1ORjrwkH,explicit,Os Cretinos
3Bsds2OdRNPAEfkdzNcY2C,explicit,MC Gomes
46YKSKcdhqU3gSyLMWCVyq,explicit,Mc Kitinho
7HO1jh7kxgYLc9kXqFheFA,explicit,Dj Carlinhos Da S.R
31ATrUdqbrUns30aE7lqBW,explicit,MC Menor da VG
3klY6K4VMUXP4DHzydTK4P,explicit,Mc 7 Belo
4rV7K6fFe8YPLmLJjjJd8c,explicit,MC JK
1pV3SrCzsBx134VDW7VBaN,explicit,MC Miami
0IRGGOg9JaEmcLjQtqz2MW,explicit,Mc Brisola
3pFkdU6UIey1KCRsoB2Oat,explicit,MC Lil
6ekvRJrcKDKgdu1qklwHrl,explicit,MC Keron
265eUt7uU71JqC1pgqHI1H,explicit,NGKS
6SYwucYxAq7PZzHVF75Vms,explicit,MC Pack
60ZYZGJ4IlcybBQRFZd052,explicit,Mc Jhey
7nEwXIxUgjgITwcG020LXx,explicit,DJ 900
56EbPW8IoRtBCRdv3UNhHy,explicit,DJ Gege
47bdXiwNewayatyQUy2Dnc,explicit,Mc Topre
4QwlcseuWdGX7Q9QQiYOZN,explicit,MC Rafa 22
4jq4nw3KNs2mwWd8Jbp1QF,explicit,Mc Boy do Charmes
3ztitSiiFm6tdfEcb2lOJB,explicit,DJ Leozinho MPC
2Wq28tbxFW83wcmcQuYCDh,explicit,Mc Luan
72lwNXFhIDrIC13s76L5GP,explicit,MC LC
53HjYGPbdfReGWf6jUafCJ,explicit,Mc Dimmy
7aRScy5rCuBu00kYulTETm,explicit,Bonde R300
098Du5ZDjr40eK5QxSoqLD,explicit,MC Timbu
7da3zcCvIO5hbctKbahShg,explicit,MC JK
1kumhYkNBpvUoewLEKm9CD,explicit,Rebecca
1m3spEr1r0vg7h0sP5wlcO,explicit,MC Eidrian
2weMB7JTIlvRyxeoDpIbHt,explicit,Mc Gw
3DGjcXT3ChnKo5o7CaY0LF,explicit,MC Gomes
2j1Pe9VmyIypKDBLYg6Ef7,explicit,Mc Magrinho
554xvWhSCoIoXoMQUQJSTV,explicit,MC Ks
1aOrisUKRtxPjMX67uZgOc,explicit,DJ Gege
5zBGUUjQSRtEApqAlq3jp6,explicit,MC Gudan
4vGJs28fqSKpHPffVGhsTt,explicit,MC Rafa Original
1j6UB3y94mHNKVI1YlIFRy,explicit,Os Cretinos
3yHHj65a4cgu7QDOjlhgVn,explicit,MC Gury
02mFV1Rz6F5xWAIkhbx14c,explicit,Mc 2k
4HZSESESIblp9KnT6hRLFt,explicit,MC Dog
6bRa7zBhK1CVgdnu1mrvoO,explicit,Mc Kevin
2r7eamfeHWXOU2Hlca4dPR,explicit,MC Guina
3awH8K6XIeoLQxozep6B5p,explicit,MC W1
766Vr0plichFJii2SyWtvD,explicit,MC Bruno IP
16yXXwTxQqD6qRLyiZ0sC4,explicit,Mc Maha
0RpOoq0Sh8Szm2FnS2Qb0Z,explicit,MC Gudan
173NKwNmDEf4x1BY2zvUUn,explicit,MC Lil
3cNxGRoKcgMUd2ueXU1Ro6,explicit,Mc LF
0JaylPd6Di82xOPkXDH3vR,explicit,Mc Pedrinho
762LCCNNLfwKuN87deBnit,explicit,Mc Magrinho
00YQpJ1rnXNEOm9ZmUjeqb,explicit,MC Vinny
4ffBlCIkiIbMSnxB11QU6W,explicit,DJ Anderson França
1G1ZvUJgbujMglza7e3eHR,explicit,Mc Xande & Mc Beto
2VKPC4qi3B8Sj7fwhpEoe0,explicit,Mc Yago
6YnVgisuyypKt1jHU4PC66,explicit,Jaula das gostosudas
03M1c0jK0NgomFFCUZwj8x,explicit,Mc Brisola
5AYr1inV5oC21nUUHn88lr,explicit,MC Kaioken
3W7eXoqUBnXf4Y7dg1qAdx,explicit,MC L da Vinte
6PETDQrybsuYLTg4PfJCx2,explicit,MC GW E MC Brisola
1gn2mETGTFq8trZXG98VEt,explicit,Mc Kitinho
6GkP5sI4TPwElZYVwKQ300,explicit,DJ FB
2LiwMwEqXKLCYRftR87Y5r,explicit,Mc Talibã
06ykIH6ro0TYYqgCwzeW8v,explicit,Mc Maha
1ktqQmC3rha8yNhXm3JubF,explicit,Mc Guidanny
6GFIGqSYuvIdMA0mgVEpvy,explicit,Mc Talibã
26x08nJnjuLmhclCg0HpSK,explicit,MC Lil
7y3glKCYM5BR3CgKzUbF82,explicit,DJ Tubarão
3lO9TEyYHNvJHLGH5xYYaI,explicit,MC Rahell
27rHTfjcWK0VMZX1oiHSr0,explicit,MC Hollywood
2vd0GPKogcn1nlitfNNHHF,explicit,MC Amaral
6CjBpxLA5yMWB4avGljdGr,explicit,MC Hollywood
0KHNzIAJXowl3g6wqY1Iy1,explicit,MC Menor da VG
3WYmijmEQzfBHicKAXXKkp,explicit,Mc Jhojhow
73rruQcZVVvZnYDZviMYZ9,explicit,MC Stifler
4BnkHvejbtE3Ix3A2VTpCt,explicit,MC Rahell
7oG6uiSlZDfhtTAOWlEPQW,explicit,Mc R1
68em1sN6TpLHrz7kXG6kB5,explicit,Mc Talibã
55KKOAkM7GuQ1ybAazwWhK,explicit,Mc Boy do Charmes
4FpPq6gTkNOrseOEEmD7q4,explicit,MC Lil
0xk3KLSycZRJNaI7rwxbyG,explicit,MC Menor da VG
4mxnL1ywhxT05kn5tGK2TJ,explicit,Mc Kaio
0qHJf0iEv8ldYfJtOXo7XJ,explicit,Mc IG
0gEr5JG6XUN8HKJHvxFDGT,explicit,Mc Brisola
0DVzk3ByvWRih4YEGqnroL,explicit,Mc Jhey
2iUCYfQt5hSzuAt5hgSXgK,explicit,Mc Brisola
4nUgxg6Qz1GAZIh83T2qJw,explicit,Mc Gw
4et7axHd4CfaLv1Fc2kHKA,explicit,Mc Topre
3PX8g2JhxdTLbwnM0ruM93,explicit,Mc Brisola
3N8nXIH2Pe3NhPFN6qxojk,explicit,Mc 7 Belo
0JqfxHoQljxXEu7Hu7xQq5,explicit,Mr Bim
3XzOzJiVXlmsaCsxMTEgaR,explicit,Mc 2k
50yUvsuECyUqd3TyurTjee,explicit,MC Menor da VG
4H3i9lgICE9Mo7V1ybBcii,explicit,MC Denny
7J8eFgmyUQcfJItHkHMDRj,explicit,Mc Leléto
28q41qN6tBVoI90ZAkADAc,explicit,Mc Gw
23q0zRbdma7klEpRA0uGcB,explicit,MC Kalzin
4Gc7fnsJO5BXzV10upk9Ij,explicit,MC Novinho da Praça
1b7IETz0cJCXYm2ETt6Hnw,explicit,Mc Th
2pa3ENMqpDgMpumDvEke3V,explicit,Mc 7 Belo
3jhfQEcfH5UlFI9nEKGiLP,explicit,Mc Neguinho do ITR
4Pd8HV6ITC0mqLdV13VrrA,explicit,Mc Jhey
53koP0CdLkZvJz8cB4Gauw,explicit,Mc Neguinho do ITR
4GsDYfUSCMuWKpkW5ymb6M,explicit,Mc 7 Belo
4ql9Qyi6JFEG6ceBCDETjO,explicit,MC Maneirinho
0bQ2nNanPpoow0FX2g8B5G,explicit,Itamar Mc
1DdKqMoZEFyUQrQVdYt7gr,explicit,Mc Niel
51qnlSjv0arIuEqemW7fld,explicit,Mc 7 Belo
5NvTcLESaTR2riGKFxdrhE,explicit,Mc Nando Dk
2ZzUyrApIrznRVZpk21oHi,explicit,Mc Ronan
4l9Nn3mh8pMvEuMf3g6edC,explicit,Mc Neguinho do ITR
6oyfpRrsXZNfYiQr4hHWZZ,explicit,Mc Th
0VBP1HOjPslqjcXYjgGBpN,explicit,MC Gudan
40Xsk3rkGbi6fQK3XTdfgL,explicit,Mc Neguinho do ITR
2ZTTyZanTGKF9WAuAHAZE3,explicit,Mc 7 Belo
1MUUb2PdvH59jq6SWBK1XY,explicit,Mc Talibã
6Tj562c37MBqCjsMt1MHsO,explicit,MC Maneirinho
4vqdumEXDfrYZJCcli09iG,explicit,Quik Ironico
0sUE33Q1cedoXVBTixYY1Q,explicit,Mc Nego Blue
2B9XERFAdD3mrZrw4RdIhf,explicit,MC Vitinho Avassalador
1p009QtjmH178W2LWXgFHg,explicit,Mc Brisola
5ynZAHPWPfmYMJ9lyK19qA,explicit,Mc Dudu
1nt1EWK3yM5Pb8cIpMTY6S,explicit,MC Vitinho Avassalador
55Jg0AMdKrNYX7PWMn3WEc,explicit,MC Dennin
7pactGio7kVlAvzpw91t07,explicit,MC Kekel
1BPbd6kehazFCDs9GlStF4,explicit,Mc 7 Belo
2qPVqJYIzbxmnoFcTEQMbT,explicit,DJ Nandinho da Penha
0qU7AT2heB4KniZ0uPL4gU,explicit,Mc Lucca Martins
72Y5qajqsIwQ7TAkrnB2L4,explicit,Mc Kitinho
6RvnalS57Ps77B5OdQZ3Pa,explicit,MC Gury
7krGLkfpJfweCEVSTqoMg6,explicit,MC PR
3zXNikJrDocjMRkjgXfCZt,explicit,Dj Cabide
460ZziluRfuYqP37bYu7ED,explicit,Mc Mãozinha
7nqMllDSjphwG3Mc6n1Nm8,explicit,MC W1
4cH7M0Rc74sNRFIk8hzgIi,explicit,MC Hollywood
23fEngrHwbt4PgvwhxwlRD,explicit,Mc 7 Belo
1igAniqb10NCsvpDhozYZF,explicit,MC Peruzzo
2BLl7j4yiPmNJ8XikOZ0FZ,explicit,MC Gudan
4DvGSzK6FI8ulDiQnG6VIQ,explicit,MC Fabinho da Osk
4L0rIGhzkKxGAfYZYkJIod,explicit,Mc Huguinho
5u1NLIs5ZIevKhvwGT17Ft,explicit,MC CLSP
2gFY2RX0iRlQyZDNGGXlYw,explicit,Os Cretinos
6bWri1IWu2iF6SrHyVSq9q,explicit,Mc Leo da Baixada
40wxKbSBmptK0grVVL4dGg,explicit,Mc Dudu
1ZrPtRqQOMoiDW7L64l01U,explicit,Helamã MC
6ntxbUk1jjvIkgmH1IgI89,explicit,MC Rafa 22
36kblhTXVeFCcxVXVr1qoV,explicit,Os Cretinos
1HJXV20N8pkhHLshl2CeWw,explicit,Mc 7 Belo
3YwmXO3i62kmer53vu4oSe,explicit,MC Theuzyn
5W6tG1D1CabOmHNh3W9Zno,explicit,MC Rahell
3O7sKBDhREzcjaCwuDk2HN,explicit,MC Tullin
0vI7p3aXWLfUU8FZvlPa9b,explicit,Mc Hazel
6P8OZ3lHcTOD8UrSfqosqi,explicit,Mc IG
1jzmMT65PbMB6OqJRxNv49,explicit,Mc Kitinho
6uc9tdNLAiC5qkncL6FxsP,explicit,Mc Denny
40kuPiAdawHncUxaBv3H2w,explicit,Os Cretinos
0ZMbHs9Z7ggXmardJEYYjl,explicit,MC Denny
7u8VZUsSwJDx0Z6e9EhDUS,explicit,MC Jhony
2aBgID6L17yaDtJ57zEMMx,explicit,MC Fabinho da Osk
3CpVxyFCZZ0mEYqAAyJx6q,explicit,Mc Huguinho
2QKYsuDCtjbzoBdaan7Ybd,explicit,MC Gomes
4sDFmfir0mmHFeVgbg2WgR,explicit,MC Neguinho do Kaxeta
3Z0kqYFQYF7KLli5gAMkf3,explicit,MC Cainho
4he5PH2421GeKAJ5a4Ftqu,explicit,MC Maneirinho
4e3a43mcJVUYHFNuSaweKB,explicit,Mc Alysson
